,name,categories,lat,lng,id,NumPunto,Estrato,MarcaEncontrada
0,Tiendas Metro 20 De Julio,Grocery Store,4.5693456262078564,-74.0999051646433,4e24517bb3add90f9f4b7b76,2087,3,MetroMetro 
1,Subway,Sandwich Place,4.584644,-74.101163,53e5188a498ec1fa4d989d9c,2431,3,Subway
2,Falabella,Department Store,4.591824121518672,-74.12485057957849,4d11459fed943704a3611662,2597,3,Falabella
3,McDonald's,Fast Food Restaurant,4.591000898772222,-74.12448360075756,4da0fda40f578cfa98158218,2597,3,McDonald's
4,Buffalo Wings,Wings Joint,4.591667309642327,-74.12389856598912,554e7184498ebef356a57508,2598,3,Buffalo Wings
5,Subway,Sandwich Place,4.591461616912958,-74.12382690360812,5089c068e4b055a756cbf648,2598,3,Subway
6,Dunkin’ Donuts Terminal Sur,Donut Shop,4.597497,-74.176221,5b8a80cc2632ec002c39d7c0,2762,2,Dunkin
7,Subway Floresta,Sandwich Place,4.598332147619681,-74.12772648805786,4f7b89f8e4b09b8aea74691d,2786,3,Subway
8,McDonald's,American Restaurant,4.597092613609576,-74.0929304326461,4f64fb29e4b065612550f787,2803,3,McDonald's
9,Tiendas Metro Alquería,Department Store,4.602610830951743,-74.13376991692033,51bdef1b498ee13d098215e6,2890,3,MetroMetro 
10,McDonald's,Burger Joint,4.601480066438231,-74.12785265287118,518bf33a498e2f46fa4a5081,2893,3,McDonald's
11,Subway,Sandwich Place,4.605916542913152,-74.08968392512378,520adce911d24b63d5a466b9,3020,3,Subway
12,Subway Centro,Sandwich Place,4.604044515987869,-74.07316946398525,55709567498ea7cbfd894710,3028,3,Subway
13,McDonald's,Burger Joint,4.605562281941046,-74.0715258848725,4f05ed93e5facc333e940aeb,3029,3,McDonald's
14,Dunkin',Donut Shop,4.604072158057039,-74.06954209290612,4ddff64245dd95acd4fd224f,3030,3,Dunkin
15,Subway,Sandwich Place,4.608693388838678,-74.14869161689595,4f8376f8e4b0ecbe709f30a4,3096,3,Subway
16,Subway,Sandwich Place,4.608934400000001,-74.09201999999998,569d5553498e069f1621a42e,3125,3,Subway
17,Adidas Performance Store,Sporting Goods Shop,4.6116118168045706,-74.14070954780041,4d5efeecef378cfaa26f69a6,3207,3,Adidas
18,Dunkin',Donut Shop,4.61560108817671,-74.07118464858841,4f05d08130f801541ee23fa7,3353,4,Dunkin
19,Starbucks,Coffee Shop,4.6153951048372805,-74.06988859176636,54f83f18498edd745f1eead1,3354,4,Starbucks
20,Subway,Sandwich Place,4.61487109640983,-74.06917512416841,4d616ad0b19fa143f00d02c9,3354,3,Subway
21,Dunkin',Donut Shop,4.6181355758888225,-74.13512419008984,4e31f2a8d22dc6a91532ffb1,3436,3,Dunkin
22,Dunkin',Donut Shop,4.619277450479376,-74.1350897828512,515f1cc0e4b03063fcae6903,3436,3,Dunkin
23,McDonald's,Fast Food Restaurant,4.618840797345904,-74.13558755487828,4d4ee905e0f2a1cd980c928d,3436,3,McDonald's
24,Subway Galán,Sandwich Place,4.619828701019287,-74.11937713623047,557c629e498ed26458eeef07,3444,3,Subway
25,Dunkin',Donut Shop,4.617945044036233,-74.09019442206414,4fca4acbe4b00af0505c773c,3459,3,Dunkin
26,Dunkin',Donut Shop,4.618988295058173,-74.08647537231445,4ec6b9c2d5fbfa048efc664e,3460,4,Dunkin
27,Subway,Sandwich Place,4.6189629471447615,-74.08612993044387,5012db40e4b0dd18ec116a26,3461,4,Subway
28,KFC,Fast Food Restaurant,4.617942418437392,-74.08598593934084,4ffe11cae4b04497d8cc0b98,3461,3,KFC
29,Dunkin' Donuts CC Calima,Donut Shop,4.618146274577763,-74.08644883370462,4f415d2ce4b0f6acbc38ba19,3461,3,Dunkin
30,Adidas Outlet Store,Sporting Goods Shop,4.61838,-74.08635600000002,4f538dc4e4b0d9ab7ba55a63,3461,3,Adidas
31,Burger King,Fast Food Restaurant,4.617986001739832,-74.08603260122125,4ebac615775b2c800cf60e8a,3461,3,Burger King
32,McDonald's,Burger Joint,4.618001537935117,-74.08599243794019,4eb82ebd4901cef9d9b1be3d,3461,3,McDonald's
33,Buffalo Wings,Wings Joint,4.6187645442163054,-74.06816280620905,57151435498e84909f42217c,3470,4,Buffalo Wings
34,Domino's Pizza,Pizza Place,4.622980131663732,-74.15408734784303,51c0a66e498e6a1778913b63,3537,3,Domino's Pizza
35,McDonald's,Fast Food Restaurant,4.622238912066078,-74.07023812523562,50639d2ae4b0aacee677826a,3579,4,McDonald's
36,Subway,Sandwich Place,4.625978149270197,-74.06884912571482,53c4172b498ee32dda7af964,3689,3,Subway
37,Dunkin',Donut Shop,4.626327193531578,-74.06614794257636,4d5c68a79895b1f7310de50f,3691,4,Dunkin
38,Subway,Sandwich Place,4.626511478103219,-74.06575262546538,5154aa99e4b0e3d70c00a3d0,3691,4,Subway
39,Tiendas Metro Bosa,Grocery Store,4.629960245322085,-74.19407486915587,4e2454c8b3add90f9f4b7eb9,3734,2,MetroMetro 
40,Metro Bosa el Recreo,Shopping Mall,4.6302759482260925,-74.19378501793264,52db21e2498e55ce0babb3c5,3734,2,MetroMetro 
41,Adidas Outlet Store,Sporting Goods Shop,4.6292092,-74.11681429999999,4ee4f14df790897ed0e139d5,3772,3,Adidas
42,Nike Outlet Américas,Sporting Goods Shop,4.6290901802412625,-74.11481947395878,4dfbd3c38877e9c47490b628,3773,3,Nike
43,Hilton,Hotel,4.628499,-74.091045,5ca668cfccad6b002c77fbbf,3785,3,Hilton
44,Subway,Sandwich Place,4.6295471632054666,-74.06689897528481,4ed5472f93ad512d8e4db674,3797,4,Subway
45,Subway,Sandwich Place,4.629301238001265,-74.06440615653993,51b9dba9498e765e495cf81a,3799,4,Subway
46,Buffalo Wings,Wings Joint,4.631785395520544,-74.11577807830791,5814f1f238fa2df3bacaf365,3876,3,Buffalo Wings
47,Falabella,Department Store,4.633061389383339,-74.11398056818767,57bf0784498e2a280015f0cf,3877,3,Falabella
48,Burger King,Fast Food Restaurant,4.63181382302671,-74.06407060426427,4bf4674994af2d7f728f3a72,3902,4,Burger King
49,Domino's Pizza,Pizza Place,4.631811108219455,-74.06408160102369,4d30df1863f3b1f78ba59664,3902,4,Domino's Pizza
50,Subway,Sandwich Place,4.6356439908860265,-74.07898664474486,5470b448498eafa3c164c94c,3997,4,Subway
51,Subway C.C Calima,Sandwich Place,4.635783632615524,-74.0793589711433,51c0ced9498eb2890846451a,3997,4,Subway
52,Buffalo Wings Capital Towers,Wings Joint,4.639317682288788,-74.09795105200655,5037c01ae4b01fa35219b06e,4081,4,Buffalo Wings
53,Subway,Sandwich Place,4.639742931311012,-74.09812128682259,5224e14e11d26c35207d6d09,4081,4,Subway
54,Dunkin',Donut Shop,4.639179670774114,-74.06548249074909,5032b593e4b06ef4d8bcf4ac,4097,4,Dunkin
55,McDonald's,Fast Food Restaurant,4.639597406678732,-74.06529452324726,5271637111d2a1786c73939d,4097,4,McDonald's
56,Dunkin',Donut Shop,4.642991,-74.156205,4fa1aa68e4b0baf5e994b223,4143,2,Dunkin
57,Dunkin' Donuts Centro Comercial Galerias,Donut Shop,4.642976,-74.074724,5288f07c498e9327774065f2,4183,3,Dunkin
58,KFC,Fast Food Restaurant,4.6419625,-74.07574,51b3e3ca498e94a1b07a3964,4183,3,KFC
59,Dunkin',Donut Shop,4.642827,-74.074765,4c814c9474d7b60cfe6775d8,4183,3,Dunkin
60,Subway,Sandwich Place,4.642860571480885,-74.07383482570617,4f29dbfce4b0f70cbbe35b52,4184,3,Subway
61,Starbucks,Coffee Shop,4.64710437906235,-74.10165043376922,542c5ce9498e9d40385c7656,4257,5,Starbucks
62,Sony Store,Electronics Store,4.6475519579685525,-74.10127824863625,4d4f225edeabf04d2f8dc924,4257,4,Sony
63,Dunkin',Donut Shop,4.647422443147453,-74.10193370935019,4e287126b0fba988bb6c073e,4257,4,Dunkin
64,Subway,Sandwich Place,4.647417818983426,-74.10100103569262,4c0beab3340720a18fd48893,4257,4,Subway
65,KFC,Fried Chicken Joint,4.647309,-74.10123399999998,5a11df7258aa7f183c28d11b,4257,4,KFC
66,Johnny Rockets,Burger Joint,4.6470368773430595,-74.10148047107289,56a906fa498e14914d3f1734,4257,5,Rockets
67,Subway,Sandwich Place,4.6456798732879925,-74.10027215127896,50f5eefbe4b023d2ef390cce,4258,5,Subway
68,Subway,Sandwich Place,4.646299893182078,-74.09288299576687,525858a3498e740b56bcfe93,4261,4,Subway
69,Western Union,Department Store,4.650758384577787,-74.0962743915815,4f4ec957e4b0f0229fd59eb9,4343,4,Western Union
70,Buffalo Wings Movistar Arena,Restaurant,4.648994999999998,-74.07782399999998,5c1d367846e1b6002c97de88,4352,4,Buffalo Wings
71,Subway,Sandwich Place,4.650608151108441,-74.07283962104353,51f71b93498ee4c9574025dd,4354,4,Subway
72,Subway Quinta Mutis,Sandwich Place,4.6504550055468385,-74.0729227973102,5205a0c711d2eb1963269e65,4354,4,Subway
73,Dunkin',Donut Shop,4.650449318397668,-74.06332522630693,4ed7a6f77beb1c6366932a66,4359,4,Dunkin
74,Falabella,Department Store,4.6532253879499255,-74.12518987949522,595ab84e123a195de6a4940d,4405,4,Falabella
75,Subway,Sandwich Place,4.654268576974732,-74.11553422748585,520da0bf11d2461f46169493,4410,3,Subway
76,Subway,Sandwich Place,4.654119640667881,-74.11548067949109,523cfa2c498ef6fdd7c7325c,4410,3,Subway
77,Burger King,Fast Food Restaurant,4.653664250765512,-74.1103067855,4cd83e34a99d3704925804ce,4413,5,Burger King
78,Subway,Sandwich Place,4.653040215776166,-74.1095584316667,516f3660498e802b3cd0a3a3,4413,4,Subway
79,Johnny Rockets - Salitre Plaza,Burger Joint,4.652982132821078,-74.10953502958573,54af0abd498e7274a69dec01,4413,4,Rockets
80,McDonald's,Fast Food Restaurant,4.652875037539387,-74.10853109011668,4bf70d6e508c0f47553a3d31,4414,4,McDonald's
81,Dunkin',Donut Shop,4.654556353833644,-74.07775414222323,4bec11a4415e20a17506e7bb,4429,3,Dunkin
82,Baskin Robbins Cr 30 con 63C,Ice Cream Shop,4.654457729564757,-74.0778331244589,51febaf1498e415ef7193e27,4429,3,Baskin
83,Subway Torre Central,Sandwich Place,4.656303517680361,-74.1065018180902,4ce59377f3bda1436fe1a5e4,4485,4,Subway
84,Dunkin',Donut Shop,4.657044025414762,-74.05880836620616,4d7e30fe4219a1cd49175ed3,4508,4,Dunkin
85,Subway,Sandwich Place,4.661465490334692,-74.10971020853545,50a288cde4b09ea2f1a0a518,4552,4,Subway
86,Domino's Pizza Avenida Chile,Pizza Place,4.659670277798866,-74.06224698472508,5466cafd498e524c164cad94,4576,3,Domino's Pizza
87,Buffalo Wings,Wings Joint,4.663721438789792,-74.13133444233014,4efe077e775bec6b424fefdf,4611,4,Buffalo Wings
88,Subway,Sandwich Place,4.6635130460043435,-74.1308593875155,5008a2c0e4b0a5cfd6a01743,4611,4,Subway
89,Subway,Sandwich Place,4.663516799473716,-74.13092854553314,505fa7f5e4b0794d753c7b08,4611,4,Subway
90,McDonald's,Burger Joint,4.663440387361653,-74.13198278306325,4c96587158d4b60c5d393a29,4611,4,McDonald's
91,KFC,Fast Food Restaurant,4.663907141358167,-74.13134127622885,51e314c2498e5597059e3459,4611,4,KFC
92,Burger King,Fast Food Restaurant,4.663882398793938,-74.1312912853059,50a16e90e4b0fe0aa6f1280a,4611,4,Burger King
93,Tienda Adidas,Sporting Goods Shop,4.66348,-74.13038,4db763f66a2349392feef03c,4612,4,Adidas
94,Falabella,Department Store,4.663417727402667,-74.13004334628295,4de9739152b11677f021bb54,4612,4,Falabella
95,Domino's Pizza Modelia,Pizza Place,4.664290906567512,-74.12818862616452,50a17c77e4b044f765f15822,4613,4,Domino's Pizza
96,Subway,Sandwich Place,4.664267,-74.109589,578c3f68498e6cad2c998cfb,4622,4,Subway
97,Subway,Sandwich Place,4.663523617659898,-74.06108815528793,5515995d498e8aa8ef300569,4646,4,Subway
98,Subway,Sandwich Place,4.664781856386304,-74.05800122717761,504798a3e4b0dd9df74104f3,4648,5,Subway
99,Dunkin',Donut Shop,4.666862052979423,-74.07440279253005,4edaa6ddbe7be2833810e5c7,4717,3,Dunkin
100,Starbucks,Coffee Shop,4.667284739572538,-74.05250832668281,552027a3498e5f130f87510d,4727,5,Starbucks
101,Louis Vuitton,Boutique,4.666608717975495,-74.05291878031628,4d9a00396df841bd997f7c2b,4727,6,Louis Vuitton
102,Adidas Performance Store,Sporting Goods Shop,4.6668458,-74.0529923,4d56a0316d508eec23bd04db,4727,5,Adidas
103,KFC,Fast Food Restaurant,4.670131591831335,-74.158622851939,5457d711498e53873588144f,4756,2,KFC
104,KFC Fontibón,Fried Chicken Joint,4.671377063382736,-74.15275706525206,537fc188498e1120b2c04df1,4759,3,KFC
105,Subway,Sandwich Place,4.670305436254352,-74.10552015727009,546643dc498e96205f416c74,4783,4,Subway
106,McDonald's,Fast Food Restaurant,4.670167260283457,-74.06388751360792,50cf54dce4b0373cd248f0c2,4804,4,McDonald's
107,Hilton Garden Inn,Hotel,4.673328,-74.117631,5a95f551d69ed036adea4f53,4860,4,Hilton
108,Dunkin',Donut Shop,4.6783802257246485,-74.11731004714966,4ef5f2e861af4546fd156762,4946,3,Dunkin
109,Subway,Sandwich Place,4.678555325052994,-74.11744952201845,56ba7290498e530e75a3ce80,4946,3,Subway
110,Dunkin',Donut Shop,4.676883,-74.116972,4e67b2591f6ecb18da69b51b,4946,4,Dunkin
111,Starbucks,Coffee Shop,4.6770160628015285,-74.0492059334038,53c5c23a498e296011f6bf9f,4980,6,Starbucks
112,Starbucks,Coffee Shop,4.678100815677576,-74.04541298837998,53e01187498e29cc4a3224a8,4982,6,Starbucks
113,Tiendas Metro Fontibón,Grocery Store,4.681137456186411,-74.15197942437331,4e2454c7b3add90f9f4b7eaf,5015,3,MetroMetro 
114,McDonald's,Fast Food Restaurant,4.681622828586157,-74.09313692239735,5414a5b8498ef4057aee123c,5044,3,McDonald's
115,Dunkin' Donuts Metrópolis,Donut Shop,4.682202305599281,-74.08553680321683,4ea746a746902b1f953acc5b,5048,3,Dunkin
116,Subway,Sandwich Place,4.680499383339435,-74.08210087515972,4f1f58ece4b01ff351b89d0f,5050,4,Subway
117,KFC,Fast Food Restaurant,4.680403770403451,-74.08190351720356,4dac79640437dccbd8349877,5050,3,KFC
118,Dunkin' Donuts Metrópolis,Donut Shop,4.680699202549782,-74.08180259464602,514368c2e4b069a1a3f7e44f,5050,4,Dunkin
119,DoubleTree by Hilton,Hotel,4.680639547659999,-74.0462748847,5671f182498ea75bbb88760b,5068,6,Hilton
120,Subway,Sandwich Place,4.681040613467282,-74.04418997695582,519fa757498e05c1588da560,5069,6,Subway
121,Starbucks,Coffee Shop,4.6810127131808414,-74.04073542674381,547c6bef498edd0ef878fc91,5070,6,Starbucks
122,Starbucks,Coffee Shop,4.683709452337445,-74.119980845504,550c45d1498e080ad2e685a4,5114,3,Starbucks
123,Yamaha Motor Uno Ltda,Motorcycle Shop,4.683857339101088,-74.09705444892624,516fdface4b04971431628f9,5125,3,Yamaha Motor
124,Subway,Sandwich Place,4.684485653479292,-74.07882549983266,5363e1b0498ebebcd5ce566a,5134,4,Subway
125,Subway,Sandwich Place,4.684613488872305,-74.05720261659225,4c1040783ce120a17ade071c,5145,6,Subway
126,Nike Factory Store,Sporting Goods Shop,4.687914894657507,-74.07350608229328,512a9467e4b058a84b221430,5217,4,Nike
127,KFC,Fast Food Restaurant,4.688176525572872,-74.06419014165097,4daa33d45da3ba8a47862bec,5222,5,KFC
128,Burger King,Fast Food Restaurant,4.688746501497183,-74.05188094401866,5048e09be4b058c78c67c02c,5228,6,Burger King
129,Subway,Sandwich Place,4.687776138658802,-74.04736846560589,4f271768e4b0d609c92ab295,5230,5,Subway
130,Dunkin',Donut Shop,4.687811467619573,-74.04776573181151,4c9fbf2119e4236a83c55b89,5230,6,Dunkin
131,Subway Tabora,Sandwich Place,4.692229256052636,-74.10196988291419,55d67a4d498eaac8b38da5be,5283,3,Subway
132,Domino's Pizza,Pizza Place,4.690749078634278,-74.09284147056323,50256589e4b0d99c1a357b6c,5287,3,Domino's Pizza
133,Subway,Sandwich Place,4.691528968753966,-74.08408557579774,5054d70ce4b0978a0f9cabee,5292,4,Subway
134,Subway,Sandwich Place,4.691708735833633,-74.05669945478405,53eba5c3498e8ee1b1a3a79e,5305,5,Subway
135,KFC,Fast Food Restaurant,4.6918450976114885,-74.04516797371245,4cc77ed8caa5a1cd163298e7,5311,6,KFC
136,Dunkin',Donut Shop,4.693978749229793,-74.13507638075487,4c9fb6eb46978cfa1e8bad7f,5346,6,Dunkin
137,Pull & Bear,Clothing Store,4.694538938253154,-74.08714862769065,50203ceee4b058fc2c57a1ef,5370,3,Pull & Bear
138,Stradivarius,Women's Store,4.694543346141568,-74.08655669906898,501fff57e4b024363297dc8e,5370,3,Stradivarius
139,Falabella,Department Store,4.694304931617563,-74.08594685712175,4fa2a11de4b0cceda91b01a0,5371,4,Falabella
140,KFC,Fried Chicken Joint,4.695512,-74.08623,5aa088f3c47cf93ec568d148,5371,4,KFC
141,Burger King,Fast Food Restaurant,4.694752356112969,-74.08637821230771,50133cc2e4b0b96017b18d10,5371,4,Burger King
142,Starbucks,Coffee Shop,4.6953269765153225,-74.0311750134962,556f43dd498e8f80c7841697,5398,3,Starbucks
143,Hampton Inn by Hilton,Hotel,4.695670370973608,-74.03198641189479,55f8eef5498e82097676d8d3,5398,3,Hilton
144,Dunkin',Donut Shop,4.6979420083349055,-74.14176921556421,526f1dee11d22483c0939177,5422,6,Dunkin
145,Subway,Sandwich Place,4.699002103559666,-74.14239544429599,4fd64b82e4b078418acd1abc,5422,6,Subway
146,Subway Ilarco,Sandwich Place,4.69843676769255,-74.06993408945607,521506d111d218bff0e553e2,5458,4,Subway
147,Subway,Sandwich Place,4.69886606375936,-74.04991576511212,4cec02ebb9975481b19f0f45,5468,5,Subway
148,Buffalo Wings,Wings Joint,4.697682846682713,-74.04620360019695,51d5ad1c498e120a8dd8c29c,5470,6,Buffalo Wings
149,McDonald's,Burger Joint,4.69938182537668,-74.0239674493438,4f5693d6e4b0d00bd58dad8f,5481,6,McDonald's
150,Falabella,Department Store,4.7011863237875815,-74.11581161081409,57f6ffdd498e225307655330,5516,3,Falabella
151,Buffalo Wings,Wings Joint,4.701269523490362,-74.11549624092396,56ad1947498ee6c0b89d3def,5516,3,Buffalo Wings
152,McDonald's,Fast Food Restaurant,4.701060068410743,-74.11577979457195,4daba194a86e771ea73e52e7,5516,3,McDonald's
153,Stradivarius,Women's Store,4.702202189001887,-74.0416629394234,4f04cd25a69d8311603c8229,5553,5,Stradivarius
154,Subway,Sandwich Place,4.702166919832034,-74.0420450770507,4bb3ab8335f0c9b61cb8bc83,5553,5,Subway
155,Massimo Dutti,Clothing Store,4.702367938400756,-74.04166603475264,54527a1a498e019be9006846,5553,6,Massimo Dutti
156,Dunkin',Donut Shop,4.702352200866444,-74.04083544495623,4cd4b527fb5954812f17da50,5553,6,Dunkin
157,Falabella,Department Store,4.701246203119781,-74.04207831087955,4bc4cb0a461576b03a768032,5553,5,Falabella
158,Nike Unicentro,Sporting Goods Shop,4.7025184276173295,-74.04138123365088,4dc83b431838d0d8f4a432f9,5553,6,Nike
159,McDonald's,Fast Food Restaurant,4.701631254414295,-74.04157315715598,4c40abd8d691c9b60e8f8b0a,5553,6,McDonald's
160,McDonald's,Burger Joint,4.705307248195319,-74.06116847042814,5038fc4de4b0b68ee45d2106,5619,5,McDonald's
161,Subway,Sandwich Place,4.705151008904936,-74.05305062983085,4d500370529dcbff71e1d5c4,5623,5,Subway
162,McDonald's,Fast Food Restaurant,4.705602920264268,-74.05332069347585,4bcf1612fb84c9b621c5243e,5623,5,McDonald's
163,Dunkin',Donut Shop,4.7086,-74.0714,516ca4abe4b06c0ca78496e0,5685,5,Dunkin
164,Domino's Pizza Niza,Pizza Place,4.708662400554236,-74.07130479812622,4d93ad1e9892a1cd9ba29069,5685,5,Domino's Pizza
165,McDonald's,Burger Joint,4.711589790746442,-74.07814862008554,4f9b1eece4b0edc56072caee,5754,5,McDonald's
166,KFC,Fast Food Restaurant,4.711862572064877,-74.07177156238534,50d75fc6e4b04490bdddbeb7,5757,5,KFC
167,Subway,Sandwich Place,4.711957860113038,-74.07172068191278,4fdf73ece4b05197ce6c9e15,5757,5,Subway
168,McDonald's,Fast Food Restaurant,4.711828647263354,-74.07183966046608,4e3f029945dd68e3274ead25,5757,5,McDonald's
169,Subway Calle 134,Sandwich Place,4.712942525276052,-74.03328559994598,557dcef2498e95a6fc508192,5776,5,Subway
170,Domino's Pizza,Pizza Place,4.715993,-74.057229,58378bc73bd4ab217af1880a,5837,3,Domino's Pizza
171,Domino's Pizza,Pizza Place,4.7192099733738795,-74.06830382178782,4f46ee01e4b0e1322820984d,5906,3,Domino's Pizza
172,McDonald's,Burger Joint,4.719814606138465,-74.05240244563112,4da250c9540ea1cdc8e97ade,5914,3,McDonald's
173,Buffalo Wings,Wings Joint,4.719257953960536,-74.0467642959934,541b780c498ebd85fa66b24f,5916,5,Buffalo Wings
174,Domino's Pizza,Pizza Place,4.719733143688258,-74.04699363239226,4d051ec68620224bada9ac40,5916,5,Domino's Pizza
175,Adidas Outlet,Shoe Store,4.7194918,-74.0368186,4de2a21bfa7651589f040661,5921,4,Adidas
176,Baskin-Robbins,Ice Cream Shop,4.7200201738253496,-74.03809022391944,4ea33dc3775b5c3e838195db,5921,4,Baskin
177,Dunkin',Donut Shop,4.7199789888364085,-74.03806129309343,4e524dfcfa7687935fb9382f,5921,4,Dunkin
178,Buffalo Wings,Wings Joint,4.718948,-74.03573,5bef749cb6b04b002c72366a,5922,4,Buffalo Wings
179,McDonald's,Fast Food Restaurant,4.7181488677175025,-74.03523638656338,4d333dc8c75a6ea8645615ae,5922,4,McDonald's
180,Burger King,Fast Food Restaurant,4.718238240094066,-74.03394954869924,5036be41e4b0304eb3f25af2,5923,4,Burger King
181,Nike Andino,Clothing Store,4.722110414150608,-74.07312930896707,4ef3ce6cc5123a724d86ae90,5979,3,Nike
182,Buffalo Wings,Wings Joint,4.723066762493372,-74.06244771689248,4fb70c7ae4b0397fc05410a8,5985,5,Buffalo Wings
183,Subway,Sandwich Place,4.723129018156633,-74.06223174938246,4f1b68fce4b0d9f8b95e5a96,5985,5,Subway
184,McDonald's,Burger Joint,4.7231023081149885,-74.05534553450501,50c13cc1e4b0995c5610aab8,5988,3,McDonald's
185,Subway,Sandwich Place,4.722122416786197,-74.04638783563699,5004b150e4b069fdd7fd2868,5993,5,Subway
186,Dunkin',Donut Shop,4.726700550795554,-74.1250024542948,4edbdd1f5c5c96a2000894d7,6023,3,Dunkin
187,Subway,Sandwich Place,4.727087138232767,-74.05003876224043,5452a4f7498ef902849d6ea7,6061,4,Subway
188,Falabella,Department Store,4.733758516579118,-74.06627568405678,5846de32110d0313e8e0cce4,6178,5,Falabella
189,Starbucks,Coffee Shop,4.733293247349711,-74.06631718621185,58436b69f776b011a2a55ed5,6178,5,Starbucks
190,Buffalo Wings,Wings Joint,4.7324102699657615,-74.06611541158223,5859c819016217691e781618,6178,5,Buffalo Wings
191,KFC,Fried Chicken Joint,4.7326559999999995,-74.06641,59a9cec835d3fc7c9210cabe,6178,5,KFC
192,Burger King,Fast Food Restaurant,4.73263,-74.066418,593b13d5c876c8327e2be0c9,6178,5,Burger King
193,Subway Northpoint,Sandwich Place,4.732741605741051,-74.02398466309627,537fd408498e59fb622b0074,6199,3,Subway
194,Subway,Sandwich Place,4.735513,-74.04993499999998,56d4c75b498ec508dea9522e,6245,4,Subway
195,Dunkin Donuts Cardio Infantil,Donut Shop,4.736422629522049,-74.02687655144649,4e2cacadc65bcaf4003c1ae3,6256,3,Dunkin
196,KFC,Fried Chicken Joint,4.740601,-74.04304499999998,5b64fbd7270ee7002c392dc6,6310,4,KFC
197,Domino's Pizza,Pizza Place,4.739756779389572,-74.0389679298179,5244cc89498e4ebe7a4e1c53,6312,3,Domino's Pizza
198,Dunkin',Donut Shop,4.7405407792106695,-74.03438722308178,4e5d7850b61cc7d938491fc5,6315,4,Dunkin
199,Adidas Outlet,Sporting Goods Shop,4.746917,-74.044969,56799213498e2bfe4441daab,6429,3,Adidas
200,Dunkin',Donut Shop,4.7504007334033265,-74.09480215853438,4dc55af57d8b14fb462779ec,6461,3,Dunkin
201,Subway Plaza Imperial,Sandwich Place,4.7504557361151045,-74.09559183873228,4f1da529e4b05c50e4de2c44,6461,3,Subway
202,McDonald's,American Restaurant,4.7530700632191385,-74.09778861759014,5222787311d26e338940a524,6517,3,McDonald's
203,Dunkin',Donut Shop,4.757055537131176,-74.06411647796631,4e57eca5c65b219786a4502a,6590,3,Dunkin
204,Subway,Sandwich Place,4.756462392974981,-74.05430809609629,5362ba91498e5216955333e9,6595,4,Subway
205,Subway,Sandwich Place,4.75634,-74.047104,580c1f0738fa4d6651161c1a,6598,4,Subway
206,Dunkin',Donut Shop,4.759999865730464,-74.06392211177008,4e344e831838f8518999c5db,6645,5,Dunkin
207,Subway,Sandwich Place,4.7616881273483465,-74.0457259825177,4e052b9245ddb2875c3c2368,6654,3,Subway
208,McDonald's,Burger Joint,4.815636330658959,-74.06179951677304,4fc7fff8e4b047cf1b0bc241,7370,6,McDonald's
209,Petrobras Yomasa,Gas Station,4.506361001404672,-74.10797595977783,4e6b6bb21f6e1e74e4a64340,8272,2,Petrobras
210,Burger King,Fast Food Restaurant,4.571863978126438,-74.07877387349676,4f654842e4b0bca46314a4c8,9671,2,Burger King
211,McDonald's,Fast Food Restaurant,4.57832965192537,-74.13041033937334,512a7c4ce4b004fb8de3fe28,9815,3,McDonald's
212,KFC,Fast Food Restaurant,4.578355014214517,-74.13042180874075,55208dde498e0467bb79855a,9815,3,KFC
213,Dunkin Donuts restrepo,Donut Shop,4.5858532368674405,-74.10131602861149,5003586de4b063cc7c501af9,10006,3,Dunkin
214,Metro Perdomo,Department Store,4.589861155688502,-74.16654108387179,51e18df2498e9a065cfcd0d5,10062,2,MetroMetro 
215,KFC Centro Mayor,Fried Chicken Joint,4.593073935449242,-74.12382773666471,54877704498e5f3e10d7f4cf,10174,3,KFC
216,Dunkin' Donuts,Donut Shop,4.593034970369232,-74.1243142710703,4d545301c6edf04db861b8a2,10174,3,Dunkin
217,Baskin-Robbins,Ice Cream Shop,4.592913049325539,-74.12395297386462,4de170b1d4c070440554962d,10174,3,Baskin
218,Tiendas Metro Autopista Sur,Supermarket,4.5970084922305885,-74.16658121887313,4cfd5ba0084f548108dc8a09,10246,2,MetroMetro 
219,Renault Autostok,Auto Dealership,4.595902914706398,-74.15819281520726,4fbe98fae4b0aeb0bc8268ee,10250,3,Renault
220,Subway,Sandwich Place,4.596243,-74.069962,520bceca11d267467a156935,10294,2,Subway
221,Domino's Pizza,Pizza Place,4.602982825216387,-74.10146407011216,4f820b17a17cd674fa2bdae4,10489,3,Domino's Pizza
222,Subway,Sandwich Place,4.603557395911917,-74.10082604609336,56034a5e498e4eb16975440e,10490,3,Subway
223,Dunkin',Donut Shop,4.6037040000000005,-74.072099,4c1a5a27b306c928cc7460b7,10504,3,Dunkin
224,Buffalo Wings,Wings Joint,4.6028423,-74.0672,59c54550b3c9613aae213d07,10507,3,Buffalo Wings
225,Subway,Sandwich Place,4.603607994827653,-74.06565120920115,508ac2f9498edfd68427e279,10507,3,Subway
226,Starbucks,Coffee Shop,4.6031583369354765,-74.06711326423991,58d0742a951e7d532bac7fb2,10507,3,Starbucks
227,Subway,Sandwich Place,4.606547460166071,-74.07127175016142,50770318e4b0916c0b2fb810,10613,3,Subway
228,Dunkin Donnuts,Donut Shop,4.607001960041656,-74.07101349851244,4fb38d51e4b06686487bdc3d,10613,3,Dunkin
229,McDonald's,Ice Cream Shop,4.611004581651505,-74.12865551787147,50eb53e7e4b06b80d219ec56,10689,3,McDonald's
230,McDonald's,Fast Food Restaurant,4.614151741856434,-74.13514402019545,520922ef498e0645f8cd06ae,10797,3,McDonald's
231,Subway,Sandwich Place,4.617039,-74.153915,57479406498e09959226efab,10898,3,Subway
232,McDonald's,Burger Joint,4.6209101825565275,-74.15180449606852,50958124e4b0272e0fdf0385,11013,3,McDonald's
233,KFC,Fast Food Restaurant,4.620068890341753,-74.13511080948139,54052041498ede8bd39f4337,11022,3,KFC
234,Subway,Sandwich Place,4.619869882489711,-74.13505346407658,4f750d02e4b054a705960393,11022,3,Subway
235,Subway,Sandwich Place,4.620396132615358,-74.0675015262332,53449383498e2ea0136a22b8,11055,3,Subway
236,KFC,Fast Food Restaurant,4.620876885976863,-74.06730862325955,560982ed498eec06796b5f17,11056,3,KFC
237,Adidas store calima,Sporting Goods Shop,4.628099444965816,-74.08059799546577,4eee418c5c5c794ad3158b0d,11269,4,Adidas
238,Metro Milenio Plaza,Grocery Store,4.630986851852437,-74.16805744171144,4e24637db3add90f9f4b86d0,11328,2,MetroMetro 
239,Subway,Sandwich Place,4.631177,-74.115884,599c97c451950e1c2fdce0a3,11354,3,Subway
240,Subway,Sandwich Place,4.6311533591329725,-74.09311832712271,54da4aee498e83c99a1ecdfe,11366,4,Subway
241,Dunkin',Donut Shop,4.631141386957494,-74.0897319373682,4e8349046da182add80e64b0,11367,4,Dunkin
242,Subway Parkway,Sandwich Place,4.630152346068355,-74.07492251123918,546a4e4b498e96205f82618c,11375,4,Subway
243,Dunkin',Donut Shop,4.6304935873637145,-74.06362908031983,4c5ac5f26407d13aff64b528,11380,4,Dunkin
244,Subway,Sandwich Place,4.634385899769055,-74.11613329925842,4f3a9a0de4b0b5606ebac9a7,11458,3,Subway
245,Subway,Sandwich Place,4.63359799262269,-74.0887547024231,5391137e498e03684676c7b0,11472,4,Subway
246,Subway,Sandwich Place,4.634045737019644,-74.06614279777148,5394b0d1498e65d34f2de5f6,11483,4,Subway
247,Domino's Pizza,Pizza Place,4.637329677928953,-74.13893187185089,503a6bcee4b0b44f28fec54e,11546,3,Domino's Pizza
248,Subway,Sandwich Place,4.64042275098221,-74.06661834676636,54d92965498e32a11acbbf3c,11672,3,Subway
249,KFC,Fast Food Restaurant,4.641472,-74.06475,59d01b20851de571573f1481,11673,3,KFC
250,Domino's Pizza Esmeralda,Pizza Place,4.644698,-74.091673,51aa81d6498e1641e3a6cadd,11748,4,Domino's Pizza
251,Adidas Outlet Store,Sporting Goods Shop,4.6447597,-74.06441600000002,4ee4ed9929c220f9722a8380,11762,3,Adidas
252,Bancolombia,Bank,4.647544,-74.100981,4d9c7f86c540236a6c9e794b,11828,4,Bancolombia
253,Stradivarius,Women's Store,4.651561,-74.12606099999998,59c41df6a5a315336a4415e9,11896,4,Stradivarius
254,Buffalo Wings,Wings Joint,4.651993,-74.12455,5955b0660d2be7672eac9819,11897,4,Buffalo Wings
255,Subway,Sandwich Place,4.651809995391135,-74.06065377853383,4f510998e4b062d9da937c62,11929,3,Subway
256,Starbucks,Coffee Shop,4.651284644290602,-74.05909642559236,54528b5c498e08e6e7d6f417,11930,3,Starbucks
257,Starbucks,Coffee Shop,4.651548236807173,-74.05532920854186,54827d16498e236a0463049a,11932,5,Starbucks
258,Hilton,Hotel,4.655634813275069,-74.0551451548483,4e60d304d164ddd5e50cb65d,12007,4,Hilton
259,Buffalo Wings,Wings Joint,4.659014246214147,-74.10812790473645,4b9691bdf964a52071d534e3,12050,4,Buffalo Wings
260,Subway,Sandwich Place,4.658716359778801,-74.06176954507828,50abcfd3e4b05be2db05d6f2,12073,4,Subway
261,McDonald's,Burger Joint,4.662218313726411,-74.1394995922888,51e38bcd498e3c12d43456ed,12104,4,McDonald's
262,Dunkin',Donut Shop,4.662548043447764,-74.13186120876642,50e89d60e4b02662b4377c55,12108,4,Dunkin
263,Hampton by Hilton,Hotel,4.6686788,-74.114239,5a63963a4940bc6e06df012d,12271,4,Hilton
264,Buffalo Wings,Wings Joint,4.668498364254826,-74.0537849209295,54c7d3ca498eb5a672c56e43,12301,5,Buffalo Wings
265,KFC,Fast Food Restaurant,4.67161806216493,-74.15290041512607,5457d67e498e2030915a319c,12335,3,KFC
266,Subway,Sandwich Place,4.671559864814364,-74.05847152407004,5022ae58e4b064b09411e94a,12382,5,Subway
267,Subway,Sandwich Place,4.671952933147841,-74.05442093721028,4f7b38abe4b01c9eb407d154,12384,5,Subway
268,Dunkin Donuts (Dorado plaza),Donut Shop,4.676295670386762,-74.12176223619456,5401c731498e97970880efc6,12435,4,Dunkin
269,Subway Dorado Plaza,Sandwich Place,4.675857792924217,-74.12012776862238,553a8106498e037083ddbc35,12436,3,Subway
270,Dunkin',Donut Shop,4.676370902394114,-74.11934207211745,53edfcd4498e38304cda04f6,12437,4,Dunkin
271,McDonald's,Burger Joint,4.675961524419076,-74.08876596447627,4eca289899115348dc0b3729,12452,3,McDonald's
272,Subway,Sandwich Place,4.675867870862113,-74.04762861558173,4bdf60b00ee3a5933b0d34b0,12472,6,Subway
273,Buffalo Wings,Wings Joint,4.675825970125419,-74.04730335712503,4c269326905a0f4747946360,12473,6,Buffalo Wings
274,Dunkin',Donut Shop,4.682667299999999,-74.123856,59dd0e5f35d3fc4ebc718dc5,12606,3,Dunkin
275,Dunkin' Donuts Exito Calle 80,Donut Shop,4.683899587462362,-74.08056931443917,4e935c216da1ee4384c757ce,12628,3,Dunkin
276,Subway,Sandwich Place,4.6836682877918365,-74.05869364840848,5101ad36e4b03391afc51a6e,12639,5,Subway
277,Dunkin',Donut Shop,4.683455990223048,-74.04850513492569,50c62b4ce4b0fac7b3d435df,12644,5,Dunkin
278,Subway,Sandwich Place,4.682253048876179,-74.04896161275579,4e9332f5b8f7cece23122a6e,12644,5,Subway
279,Falabella de Colombia S.A,Coworking Space,4.682463748021188,-74.0449420123793,4d83609e40a7a35d5f5bf4bd,12646,6,Falabella
280,Baskin-Robbins,Ice Cream Shop,4.686381875877802,-74.0786935658351,5003536de4b042c51d2fcacf,12711,4,Baskin
281,Dunkin',Donut Shop,4.685967970004802,-74.07377752464609,4ed7c8dc4690bd08d924c68c,12713,4,Dunkin
282,McDonald's,Fast Food Restaurant,4.686801796118876,-74.07527969133528,4cd70ba1dfb4a1cd1e55625c,12713,4,McDonald's
283,KFC,Fast Food Restaurant,4.686406,-74.07339499999998,56ede855498e3b34bbe698f3,12714,4,KFC
284,Subway,Sandwich Place,4.686475430996594,-74.0733860225335,4e7a332f8998c6d28977a0a3,12714,4,Subway
285,KFC,Fast Food Restaurant,4.686488982771016,-74.0564433871862,503be8e7e4b078a4e8903252,12722,6,KFC
286,DoubleTree by Hilton,Hotel,4.6854648236858365,-74.05448604398738,570fb82a498e7b1f24563c47,12723,6,Hilton
287,Subway,Sandwich Place,4.685829567051803,-74.05284834481624,4c220d64502b9521bde56d21,12724,6,Subway
288,Dunkin',Donut Shop,4.686048977293768,-74.0527520836368,53dc0035498e3f6004164f2c,12724,6,Dunkin
289,Subway,Sandwich Place,4.68951095513002,-74.1327386065324,4d8d509ecb9b224b189a6a41,12764,6,Subway
290,Subway,Sandwich Place,4.689459116993636,-74.07134527026275,52f8eb5c11d2cd18a2f90fb8,12795,4,Subway
291,Subway,Sandwich Place,4.690777712479676,-74.06268432294459,53780fd4498ea9fbf3c13a3a,12799,5,Subway
292,Pernod Ricard Colombia,Office,4.689028534273207,-74.05230755071324,4c850ee851ada1cde0e83310,12804,6,Pernod Ricard
293,Dunkin',Donut Shop,4.6905702422154745,-74.03876423835754,4dc1df88d4c07da169ec39bd,12811,5,Dunkin
294,Subway,Sandwich Place,4.692865444916224,-74.13643193351402,4d9a01c497d06ea8a2e1560b,12842,6,Subway
295,Dunkin',Donut Shop,4.694111589268601,-74.08664166927336,511a8f46e4b06f0b8e49b3dc,12867,3,Dunkin
296,Starbucks,Coffee Shop,4.692408297439339,-74.03438396982473,58d87e0644689a1e9bf0145a,12893,6,Starbucks
297,Starbucks,Coffee Shop,4.697464218536799,-74.14249572486129,5a293ab9c0f163185ba51e7b,12919,6,Starbucks
298,Starbucks,Coffee Shop,4.697270693184301,-74.04636402406534,58fa63599ec3990cbc28e627,12967,6,Starbucks
299,Sala VIP American Express - El Dorado,Airport Lounge,4.7000910000000005,-74.149275,59d7ec27a6fe4d20a2f4e6b8,12994,6,American Express
300,Dunkin',Donut Shop,4.70006115048064,-74.14318104392255,4d52714ad7eaa14346387e0f,12997,6,Dunkin
301,American Express Vip Gate 27,Airport Lounge,4.7004285,-74.14259,590de90295a7223da41ecb87,12997,6,American Express
302,Domino's Pizza,Pizza Place,4.6998744443844105,-74.07851273050615,4fce9e95e4b031b011f90c7f,13029,5,Domino's Pizza
303,Dunkin',Donut Shop,4.699637790873072,-74.0793310547524,4ede6a75e5fa78b172d9da0b,13029,5,Dunkin
304,Dunkin',Donut Shop,4.7004938125,-74.06265142222223,4c40a6f4e26920a1b33b5de7,13037,5,Dunkin
305,Adidas Sport Performance Store,Sporting Goods Shop,4.7007774000000015,-74.04455440000002,4c72ca4a9e706dcb50c54b62,13046,6,Adidas
306,Metro 127,Shopping Mall,4.703922031438048,-74.04308035250253,4e3edb2bb61cb577be8a4615,13128,6,MetroMetro 
307,McDonald's,American Restaurant,4.707231138455188,-74.06822459615934,50201151e4b0d186b0d132b4,13190,5,McDonald's
308,KFC,Fast Food Restaurant,4.7106978395006935,-74.11211580383339,566321a8498eec324f04931f,13240,3,KFC
309,Subway,Sandwich Place,4.710616265380826,-74.11217315626523,5230bf4911d2e9bbd9ad476e,13240,3,Subway
310,McDonald's,Fast Food Restaurant,4.710899220475086,-74.11185156473718,53615a11498e5fe312ea2ab7,13240,3,McDonald's
311,Dunkin',Donut Shop,4.711014774318532,-74.1116452217102,5238dec111d2754d3e26d80e,13241,3,Dunkin
312,Subway,Sandwich Place,4.711580507295552,-74.07051921448361,4eac98845c5ce6e505b22408,13261,5,Subway
313,Nike outlet,Sporting Goods Shop,4.717897559954051,-74.04686752368526,4cd72b1c76ab721efceb766a,13419,5,Nike
314,McDonald's,Fast Food Restaurant,4.718019841175291,-74.03235503205649,4c164214a9c220a1c6505a9d,13426,4,McDonald's
315,Dunkin',Donut Shop,4.721114,-74.122974,529238f3498e9d8872513cd6,13458,3,Dunkin
316,KFC,Fast Food Restaurant,4.7208355911155095,-74.03978318228751,4c3ca4e97f49c9b68e2c6ce3,13499,4,KFC
317,Subway,Sandwich Place,4.720398377786736,-74.03879669443022,4fc387d4e4b00baac7705586,13500,4,Subway
318,McDonald's,Fast Food Restaurant,4.728249740933074,-74.06415165604002,4bd20b0a9854d13a1ed1fa4d,13626,5,McDonald's
319,Subway Colina Campestre,Sandwich Place,4.727285956261549,-74.06479676664087,50186d12e4b0cbf5d941de8d,13626,5,Subway
320,Subway Colina,Sandwich Place,4.728402767943416,-74.06331401941964,501d63c2e4b004c545af8745,13627,5,Subway
321,Domino's Pizza,Pizza Place,4.731197049321723,-74.0502427468467,5452f462498e29aa047c1dbd,13693,4,Domino's Pizza
322,Subway,Sandwich Place,4.731861528823088,-74.04492136991684,53556062498ecda3285a756c,13696,4,Subway
323,Dunkin',Donut Shop,4.734889786940651,-74.06472606913016,4d791a970ddba35ddb734b76,13746,5,Dunkin
324,Subway,Sandwich Place,4.737469129618464,-74.08433796397733,53e26e87498e415d67791632,13796,3,Subway
325,McDonald's,Fast Food Restaurant,4.737471291229827,-74.08481262525694,521fb68b11d20e05d2319fa9,13796,3,McDonald's
326,Nike Factory Store,Sporting Goods Shop,4.744741653891395,-74.04472036697763,56140d50498efdc525c2b537,13938,3,Nike
327,Subway,Sandwich Place,4.748287762589823,-74.0466873786792,54d92499498ed9d2b300f591,13995,3,Subway
328,Dunkin',Donut Shop,4.7548980675656365,-74.04495559580668,51895241498e1d858171000f,14108,3,Dunkin
329,Falabella,Department Store,4.762008592235117,-74.0471630649438,4ba65aecf964a520b04939e3,14215,4,Falabella
330,Stradivarius,Women's Store,4.7621834664497715,-74.04680543794335,4cccb8a5ee23a1435b2d21a8,14215,4,Stradivarius
331,Buffalo Wings,Wings Joint,4.76206473944638,-74.04513094500045,5ac2d9782db4a97e8c7cf5ed,14216,3,Buffalo Wings
332,McDonald's,Burger Joint,4.772958958976528,-74.0422213660988,4c37b155ae2da593fb5fffc5,14363,2,McDonald's
